{"Maharashtra": [18.9068356, 75.6741579], "Uttar Pradesh": [27.1303344, 80.859666], "Karnataka": [14.5203896, 75.7223521], "Tamil Nadu": [10.9094334, 78.3665347], "Delhi": [28.6273928, 77.1716954], "Haryana": [29.0, 76.0], "Telangana": [17.8495919, 79.1151663], "Puducherry": [10.9156489, 79.8069488], "Gujarat": [22.3850051, 71.745261], "Madhya Pradesh": [23.8143419, 77.5340719], "Chhattisgarh": [21.6637359, 81.8406351], "Union Territory": [12.6112387, 92.8316541], "National Capital Territory of Delhi": [28.6273928, 77.1716954], "Kerala": [10.3528744, 76.5120396], "West Bengal": [22.9964948, 87.6855882], "Rajasthan": [26.8105777, 73.7684549], "Uttarakhand": [30.0417376, 79.089691], "Andhra Pradesh": [15.9240905, 80.1863809], "Kerela": [13.8895969, -7.6625121], "Delhi-NCR": [28.6882438, 77.1212148], "Punjab": [30.9293211, 75.5004841], "Chandigarh": [30.7334421, 76.7797143], "Orissa": [20.5431241, 84.6897321], "Goa": [15.3004543, 74.0855134], "Jharkhand": [23.4559809, 85.2557301], "Bihar": [25.6440845, 85.906508], "Assam": [26.4073841, 93.2551303]}